contact_id,name,company,proposed change,missing fields,conflicting fields (left unchanged)
0d76d8f1-232e-4c2a-983c-ea294c112088,Simon Dix,HUB BUILD,email '(likely @hubbuild.uk — unverified)' → empty; text kept in notes,,
45cf3874-ee6f-4ecb-9d35-472bc539405e,Orjon Hoxhaj,ESE Construction Ltd.,email '(likely @eseconstruction.net — unverified)' → empty; text kept in notes,,
bf02eb94-fe5c-49a2-821d-3d51af81c682,Victoria Daet,Victory Infrastructure Corp.,no change,,
1e9cfde2-405d-454b-a7db-7dd6816de96a,Mitchell English,Stratstone Developments,email '(likely @stratstonedevelopments.com — unverified)' → empty; text kept in notes,,
87994ea2-1aaa-482a-a175-73289d5e9ea6,Serena Maguire,Klime-Ezee Ltd.,email '(likely @klime-ezee.com — unverified)' → empty; text kept in notes,,
a29742f6-4c4c-4786-bc99-91d4ff5e5aaf,Dave Westi,SX Projects Pty Ltd,email '(likely @sxprojects.net — unverified)' → empty; text kept in notes,,
77760ef4-2dd3-49a8-b740-e7bbd3177720,Anya Ratnavel,Sunday Light,email '(likely @sundaylight.cc — unverified)' → empty; text kept in notes,,
b52c9967-b3e1-42e1-b64f-98bee0cf99a7,Mark Taylor,Portico Ltd,email '(likely @porticoltd.co.uk — unverified)' → empty; text kept in notes,,
ec69a3a6-7d74-446e-abd7-02e26f0406d2,Austen Gidley-Smith,Silver Tree Services (STS) Ltd,email '(likely @wearesilvertree.co.uk — unverified)' → empty; text kept in notes,,
36e2dd5a-712e-40f7-b229-3cf3baf8f02d,Diana Montgomery,Construction Products Association,email '(likely @constructionproducts.org.uk — unverified)' → empty; text kept in notes,,
515367fe-c4e4-46a3-9b36-5be238885d82,Meg McDonald,Cou Cou Intimates,email '(likely @coucouintimates.com — unverified)' → empty; text kept in notes,,
df050217-d15a-47ca-b7e0-2eafbe259288,Andy Henderson,Back to the Office,email '(likely @backtotheoffice.co.uk — unverified)' → empty; text kept in notes,,
4849833c-d9af-4052-91a4-064cbfbc2841,Taha Y.,UNIS LONDON LIMITED,no change,,
2a84563f-aa68-47c6-91a7-18c8600ce23b,Anthony Stanbury,Gift-Library.com,email '(likely @gift-library.com — unverified)' → empty; text kept in notes,,
9df3d2a9-9e22-4144-a1bf-da4c20bdf9f3,James Meeks,ViewSPORT,email '(likely @viewsport.com — unverified)' → empty; text kept in notes,,
455b3e33-fc17-43f6-a80a-fe360c565670,Anahita Pradhan,CULT MIA,email '(likely @cultmia.com — unverified)' → empty; text kept in notes,,
4dc2295d-8583-41b2-b6ba-2844687e8bf3,Anna Sutton,MG&Co. (Matilda Goad),email '(likely @matildagoad.com — unverified)' → empty; text kept in notes,,
6a613a6d-e0e8-4413-aa8e-c4189faf31a4,Andrea Mercuri,Carolina Bucci,email '(likely @carolinabucci.com — unverified)' → empty; text kept in notes,,
5f9b415e-0a6e-4dde-8fd6-833651401304,Liz Peck,Bristol Auction Rooms Limited,email '(likely @thebcva.co.uk — unverified)' → empty; text kept in notes,,
a5bdc713-f848-47a7-9cb6-9f25350941b7,Amy H.,Jessica Flinn Fine Jewellery,email '(likely @jessicaflinn.co.uk — unverified)' → empty; text kept in notes,,
90fa6d60-78f0-4954-9569-2c6bca5d752e,Mike Schwartz,RecNation RV & Boat Storage,email '(likely @recnationstorage.com — unverified)' → empty; text kept in notes,,
f0303479-328c-49e7-8886-542167fc000c,Anthony Harper,Salmon Property,email '(likely @salmonproperty.com — unverified)' → empty; text kept in notes,,
127af99b-8c7e-4202-8ea4-ed0dda169f05,Claire Bedouin,Lauder Teacher,email '(likely @lauderteacher.com — unverified)' → empty; text kept in notes,,
4af74531-6b83-477f-9943-50303aeaad41,Jacob Perren,Encore Kitchens,email '(likely @encorekitchens.co.uk — unverified)' → empty; text kept in notes,,
c96dcbe0-b8e0-4226-9612-610a7cc56fc6,James Moody,SevenCapital,email '(likely @sevencapital.com — unverified)' → empty; text kept in notes,,
f39f7234-8a2c-44e0-b3dd-b90b3997df8d,Darren Gardner,Amro Partners,email '(likely @amropartners.com — unverified)' → empty; text kept in notes,,
76def76c-6a40-40b1-bdd9-7e86bf31b5bb,Ashley Diamond,Metspace London Limited,email '(likely @metspace.co.uk — unverified)' → empty; text kept in notes,,
c7648a2d-5e7a-42d5-9808-3b69579610bc,Mark Woodrow,Packaged Living,email '(likely @packagedliving.co.uk — unverified)' → empty; text kept in notes,,
9c6ca636-cfb5-4e9a-8f78-be3a1bfe5ffd,Deb Hetherington,HiVE Places,email '(likely @hive-places.co.uk — unverified)' → empty; text kept in notes,,
b62d242f-caf1-41bb-a393-14454dc346e9,Lisa Mbifm,Base Business Park,email '(likely @basebp.co.uk — unverified)' → empty; text kept in notes,,
d0f798aa-0f81-427c-8ba2-5c153b8fe62f,Katherine Rowlatt,AFP Services Limited,email '(likely @afpservices.co.uk — unverified)' → empty; text kept in notes,,
ebd508d7-612d-46aa-8335-20c63ba35345,Helen Jennings,Praxity,email '(likely @praxity.com — unverified)' → empty; text kept in notes,,
f82d3e2e-2ec4-4435-a5f4-83e3822fa2bc,Andrew Sumner,Titan Entertainment Group Ltd,email '(likely @forbiddenplanet.com — unverified)' → empty; text kept in notes,,
05e33cb1-b4dc-4178-b639-60bef1e8f36a,Luiz Fabiano de Oliveira,SJPR Accountants,email '(likely @sjpraccountants.com — unverified)' → empty; text kept in notes,,
dcd5172e-46c6-43ad-a02c-850f31295947,Emma Smith,UK200Group,email '(likely @uk200group.co.uk — unverified)' → empty; text kept in notes,,
49542f21-729e-4e2d-b392-40fed5f6b30e,Natasha Thakkar,UHY Thakkar & Associates,email '(likely @uhy-ug.com — unverified)' → empty; text kept in notes,,
89dc5ea0-d837-4e7e-b948-3d2f845fedb1,Daniel Plowright,Virtual Finance Director,email '(likely @vfd.academy — unverified)' → empty; text kept in notes,,
63f76807-1140-4add-a94a-0950637b1b07,Charlotte Gumbley,CET Payroll Services Ltd,email '(likely @cetpayrollservices.co.uk — unverified)' → empty; text kept in notes,,
c08255f8-6a09-4693-bda0-a5b8d24e50be,Mark Trevethan,Memory Matters CIC,email '(likely @memorymatters.org.uk — unverified)' → empty; text kept in notes,,
4dcab77a-c1bc-4e1f-80cd-83ab77f92328,Sophie Nancarrow,Halsa Group,email '(likely @halsagroup.co.uk — unverified)' → empty; text kept in notes,,
2214546e-0d8f-4be5-b325-01d1c2d6d9e9,Spencer Grout,Get A Drip,email '(likely @getadrip.com — unverified)' → empty; text kept in notes,,
dcad3d42-02e2-40fd-b633-f4e54f38e185,Holly Pyke,Birmingham LGBT,email '(likely @blgbt.org — unverified)' → empty; text kept in notes,,
0fade5eb-fe85-4d4b-836c-c91563fdb149,Nina Sharma,Full Circle Fund Therapies,email '(likely @fullcirclefund.org.uk — unverified)' → empty; text kept in notes,,
13d0933a-4500-475b-9d7c-97a24dc4a862,Yuqi Feng,NADclinic,email '(likely @nadclinic.com — unverified)' → empty; text kept in notes,,
e0a31bb7-64ca-48c3-991a-e9eafc15396b,Claire Price,Chilli Pilates,email '(likely @chillipilates.co.uk — unverified)' → empty; text kept in notes,,
b35d0b4e-3297-43ff-bd7c-2a19566c0d08,Rob Radford,Energy Fitness Professionals Ltd,email '(likely @energy-fitpro.co.uk — unverified)' → empty; text kept in notes,,
05e8de8e-11ca-4e9f-ab0c-fd1f2d91b90b,Kerry Villa,The ACC Liverpool Group,email '(likely @theaccliverpoolgroup.com — unverified)' → empty; text kept in notes,,
c2c4b814-ad0a-4ea0-8c9b-2d2fab7e2cb0,Jennifer McLean,Raven Controls,email '(likely @ravencontrols.com — unverified)' → empty; text kept in notes,,
4d72dd91-d146-4ed3-b16e-1060007bd86d,Thomas Dainty,TJR Group,email '(likely @tjrgroup.uk — unverified)' → empty; text kept in notes,,
3afd880a-a382-42df-94fd-aa81bc713d66,Rees Cowne,Kruger Cowne,email '(likely @krugercowne.com — unverified)' → empty; text kept in notes,,
e78ee5b5-23c4-4e81-bc6e-ea045eb43683,Hayley J.,Fashion Week Studio,email '(likely @fashionweekstudio.net — unverified)' → empty; text kept in notes,,
6f7c330f-772c-4b51-b554-44e657c5512e,Laura Barron,Boscia Group,email '(likely @bosciagroup.com — unverified)' → empty; text kept in notes,,
907757d8-1953-44ff-b642-a23aa21c0ddf,Aurore Braconnier,Hello Partner,email '(likely @hellopartner.com — unverified)' → empty; text kept in notes,,
637c5d2e-245a-4963-a4c7-7e481cbfa66d,Sarah Birtwhistle,We're A Knockout,email '(likely @we-are-a-knockout.co.uk — unverified)' → empty; text kept in notes,,
4061ba49-a180-4ade-9311-d7dc4251ed0d,Laura Fotheringham-Gunn,DF Tacos,email '(likely @dftacos.co.uk — unverified)' → empty; text kept in notes,,
edd2263d-1ea2-4403-917d-7694226bb6fa,Mohammed Islam,Bengal Indian Cuisine,email '(likely @bengalindiancuisine.com — unverified)' → empty; text kept in notes,,
88d8a2f9-ff36-484c-9004-ddc2202442e7,Raymond Quinche,Indi-Go Rasoi,email '(likely @indigostreetfood.com — unverified)' → empty; text kept in notes,,
8743ac69-a7dd-46ab-b359-ab7fbcaa789a,Richard Hoang,Farm Girl Cafe,email '(likely @thefarmgirl.co.uk — unverified)' → empty; text kept in notes,,
908a98cc-0e4b-47ca-a4d9-da9681891712,Agne Kazberaite,Roti King Limited,email '(likely @rotiking.com — unverified)' → empty; text kept in notes,,
50c0881b-2096-4bed-a86b-84408ce9f846,Zachary Farr,Junsei UK,email '(likely @junsei.co.uk — unverified)' → empty; text kept in notes,,
74a18914-77e0-48d1-b601-178b9ada5d9f,Connor Reyes,City Plant Displays,email '(likely @cityplantdisplays.com — unverified)' → empty; text kept in notes,,
8fc4ff47-0e9f-47c2-8f51-3abbfdf2624f,Joanna Draper,Wells Interiors Ltd,email '(likely @wells-interiors.com — unverified)' → empty; text kept in notes,,
24db3503-2dda-4d9e-87e0-55cd88a3929f,Stuart B.,Analyzer Consulting,email '(likely @analyzerconsulting.com — unverified)' → empty; text kept in notes,,
9d3f8ca7-05b8-4e1f-8215-35c81a17cf85,Adrian Adair,Morson Group,email '(likely @morsongroup.com.au — unverified)' → empty; text kept in notes,,
e1f8ba1d-1384-4353-9c92-0a30ace5bed4,Jakub Olearczuk,Evans Turner (Finishes) Ltd,email '(likely @evans-turner.com — unverified)' → empty; text kept in notes,,
cd1f77c4-8929-43e7-b9e9-dd4a307bcb31,Katy Stanley,People & Transformational HR Ltd,email '(likely @pthr.co.uk — unverified)' → empty; text kept in notes,,
23cadd71-fea4-4901-a348-2a4e57a1fdf3,Dafydd Wynne,Beststart Human Resources,email '(likely @beststarthr.com — unverified)' → empty; text kept in notes,,
f3cd99a6-c92d-4026-8c32-8e93b1036a65,Peter Hetherington,Udder,email '(likely @udder.rocks — unverified)' → empty; text kept in notes,,
c4a3c0b8-4796-4fb8-85d8-f2fd9ef63ca4,Kate Ellis,Giant Screening,email '(likely @giantscreening.com — unverified)' → empty; text kept in notes,,
82faa8e1-c802-4102-8a34-2cff78912a1f,Srigopika Radhakrishnan,UCAL Exports Private Limited,email '(likely @ucalexports.com — unverified)' → empty; text kept in notes,,
8fb12b0e-11f6-49ce-9c38-eafd0b1bfc9c,David MacGregor,"CeeD (Centre for Engineering, Education and Development)",email '(likely @ceed-scotland.com — unverified)' → empty; text kept in notes,,
2bd49246-a105-4a2a-bf9a-162e871cb36b,Fateh Butt,Mrsupport 24,email '(likely @mrsupport24.co.uk — unverified)' → empty; text kept in notes,,
7390deb5-bbf2-404f-8e32-9426c1d58486,Helen Hardy,BeyondHR,email '(likely @wegobeyondhr.com — unverified)' → empty; text kept in notes,,
9e07fa81-d660-4047-9def-e4a7f0ceddd2,Gareth Morgan,Helm,email '(likely @helmmarkets.com — unverified)' → empty; text kept in notes,,
748efb72-f4b2-4057-97ea-82d231d7204f,Richard Kirkby,Veld Capital,email '(likely @veldcap.com — unverified)' → empty; text kept in notes,,
7e24af91-0066-4952-8e14-b839d6ebceeb,Tammy Lake,Axebrook Capital LLP,email '(likely @axebrook.com — unverified)' → empty; text kept in notes,,
afc818c4-6753-40d7-93e1-db1d4f8b1843,Luke Venables,Venn,email '(likely @venn-partners.com — unverified)' → empty; text kept in notes,,
ab6c9b43-a490-42a5-a8f4-84b1f5118293,Carol X,CBCX,email '(likely @cbcx.com — unverified)' → empty; text kept in notes,,
9010d6cb-1723-4bff-952d-aa7e506e77e6,Bhavnita Lad,Attestor Limited,email '(likely @attestor.com — unverified)' → empty; text kept in notes,,
ff6f50ba-9d54-42c4-ae98-41efea6b903b,Martin Johnson,Empire Global Finance,email '(likely @empireglobal.co.uk — unverified)' → empty; text kept in notes,,
17b3d34c-2959-41cc-b601-6ee433232236,Mark George,Almace Asset Management,email '(likely @almaceam.com — unverified)' → empty; text kept in notes,,
d1d7c2fe-e8c5-4ad7-8102-515e684b56f3,Jacki Stevenson,Agility Fleet,email '(likely @agilityfleet.com — unverified)' → empty; text kept in notes,,
7d09c725-2ddf-4f23-ab74-db778e1098ad,Nevelon Cheand,Osmosis Investment Management,email '(likely @osmosisim.com — unverified)' → empty; text kept in notes,,
53fe1968-777a-41c5-8a2a-7ec42a9d10f7,Tom Acii,DR&P Group,email '(likely @drpinsurance.com — unverified)' → empty; text kept in notes,,
d46c0af0-b4b3-4509-b586-eba1c93aeec6,Richard Cross,kinetiQ Underwriting,email '(likely @kinetiqunderwriting.co.uk — unverified)' → empty; text kept in notes,,
ff710079-bb4f-47b1-b790-d51549142d14,Elizabeth Wright,Navata,email '(likely @navata-global.com — unverified)' → empty; text kept in notes,,
dbd0c673-25a6-45f1-9d19-822984b21547,Gerald Farr,Cadis MGA Ltd,email '(likely @cadismga.co.uk — unverified)' → empty; text kept in notes,,
81bff9b1-5a20-40b5-b2ea-6a29e40ca0dc,Jon Woods,Life Settlement Connect,email '(likely @lifesettlementconnect.com — unverified)' → empty; text kept in notes,,
de061d2e-90ee-44f1-a507-18c40e108710,Walter McCulloch,Assured Underwriting Group,email '(likely @assuredunderwritinggroup.com — unverified)' → empty; text kept in notes,,
70baf652-4f5c-433c-bbcd-9df64bd4cd50,Euros Jones,Nelson Insurance,email '(likely @nelsoninsltd.com — unverified)' → empty; text kept in notes,,
9ad132b3-7ef8-4757-9f06-baef80c486b1,Bob Bevan,Visicover Ltd.,email '(likely @visicover.com — unverified)' → empty; text kept in notes,,
99920ab1-5119-4762-8586-84d7cb5429c4,Kevin Cleary,Volt Underwriting,email '(likely @volt-uw.com — unverified)' → empty; text kept in notes,,
a1e54820-5d5a-41f5-bc8d-9049a03139c2,Julia Coakley,Managing General Agents' Association,email '(likely @mgaa.co.uk — unverified)' → empty; text kept in notes,,
eab5006f-6b42-4df0-99c6-3e975cbcc7fc,Meghan Reed,Evenbreak,email '(likely @evenbreak.co.uk — unverified)' → empty; text kept in notes,,
128be106-322b-41d7-8cd2-9041900ea661,Stuart Padfield,The Teachers' Hub,email '(likely @theteachershub.co.uk — unverified)' → empty; text kept in notes,,
cef19433-b552-477d-8691-92992489fc8b,Mahesh H,Rennman International,email '(likely @rennman.co.uk — unverified)' → empty; text kept in notes,,
e9c87373-b36d-477b-9348-44f43c8aadd7,Denise Kimble,Provenatus,email '(likely @provenatus.com — unverified)' → empty; text kept in notes,,
c88ad6e6-23d2-415a-88cc-5ac6b58d5ea5,Christine Rose,ifamatch.com Ltd.,email '(likely @ifamatch.com — unverified)' → empty; text kept in notes,,
4f87ddd6-6cde-4dbb-9e6b-cb9eba6b0e5b,Gwynfor Edwards,E&A Recruitment LTD,email '(likely @eandarecruitment.co.uk — unverified)' → empty; text kept in notes,,
5a0b5cf3-1e18-4981-95de-3949a63f55b4,Matt Sykes,MKH Search,email '(likely @mkhsearch.com — unverified)' → empty; text kept in notes,,
7cc2b2f7-0c61-4cc0-803a-2efcb840201a,Ashley Haveloch-Jones,Care Hires,email '(likely @carehires.com — unverified)' → empty; text kept in notes,,
f0ad2557-569a-48cb-9a4d-acba6028f578,Jo-Anne Wingrove,EM Motorsport,email '(likely @emmotorsport.com — unverified)' → empty; text kept in notes,,
5ac7e7dc-ee57-40a2-ad02-3d3ce019e331,Jake Whsch,Twisted Automotive Limited,email '(likely @twistedautomotive.com — unverified)' → empty; text kept in notes,,
c96b253e-99bd-40f4-9ccb-d7db942b8078,Conor Wilson,Drift Limits,email '(likely @driftlimits.co.uk — unverified)' → empty; text kept in notes,,
6871048a-6315-47b7-948d-487aeb205afd,Maysara Fermawi,NARAN Automotive,email '(likely @naran-automotive.com — unverified)' → empty; text kept in notes,,
42e6f7b6-e3a4-4fd2-893b-a6dffb6fa665,Philip Patterson,CARS Recovery & Garage Services,email '(likely @carsrecovery.com — unverified)' → empty; text kept in notes,,
db2639b6-1e7c-4729-9763-0f9090491486,Dave Dawe,Janspeed Technologies Ltd,email '(likely @janspeed.com — unverified)' → empty; text kept in notes,,
2a2cc343-9784-42be-80c5-55d3378ea178,Abbie Morton,MotorVise (Automotive) Ltd,email '(likely @motorvise.com — unverified)' → empty; text kept in notes,,
95b58023-5d04-4c20-97b6-fa4c57df974f,Mustafa Malik,London Riders,email '(likely @londonriders.co.uk — unverified)' → empty; text kept in notes,,
448bef15-8558-4607-bc2e-1a152bc7b2f0,Ben Darby,FixMyCar,email '(likely @fixmycar.com — unverified)' → empty; text kept in notes,,
ef4be0a6-61e9-44c9-9c76-078649ec5b48,Andrew Falconer,Ecom Agrotrade Limited,no change,,
ef2b3710-0c29-4e84-8241-f12d8aedc619,Richard Hilson,The Stickleback Fish Co. Ltd,email '(likely @sticklebackfish.co.uk — unverified)' → empty; text kept in notes,,
a3fba287-5a71-4a4d-8e2d-841fc35c0012,Yusuf Ercan,Holland Bazaar,email '(likely @hollandbazaar.co.uk — unverified)' → empty; text kept in notes,,
dd5d6b8c-8ab1-4760-abb3-83d4d9e3bc13,Marta Howe,United Industrial Supplies,email '(likely @unitedindustrial.co.uk — unverified)' → empty; text kept in notes,,
46e2032e-80e9-4efa-96d3-34fd371d7b76,Helen Garlick,The Koyo Store,email '(likely @thekoyoworkshop.com — unverified)' → empty; text kept in notes,,
52a1bcc0-898e-4352-84c1-5b60fcddbd45,David Lee,Trilanco Ltd,email '(likely @trilanco.com — unverified)' → empty; text kept in notes,,
27c34198-22e4-45cc-85f9-76ec0f37a553,Daniel Norman,Bimson Power Group,email '(likely @bimsonpowergroup.com — unverified)' → empty; text kept in notes,,
949c1749-d43e-48f4-9fc0-e13c292e3a87,Robyn Bowie,Unicorn Inc. Limited,email '(likely @unicorn-inc.co — unverified)' → empty; text kept in notes,,
d6f304d3-8ff2-480b-8ff1-4592368aeabb,Joe Shipman,Sniffers Pet Care,email '(likely @snifferspetcare.co.uk — unverified)' → empty; text kept in notes,,
ec2d641b-2026-432f-9a32-b04dc60fb644,Shahid Hanif,Colourful Heritage Limited,email '(likely @colourfulheritage.com — unverified)' → empty; text kept in notes,,
eb9124dc-8ddb-42b1-93b3-c10e594f8c0c,Donna Fisbl,Vision Multi Academy Trust,email '(likely @visionmat.com — unverified)' → empty; text kept in notes,,
af8d082d-aaa8-4267-8894-0f82e66048a6,John Glassey,Brains Global,email '(likely @innovation-africa.org — unverified)' → empty; text kept in notes,,
53fd8395-1c57-4a15-860f-f0bfc73a430d,Kate Tague,The BOA Group,email '(likely @boa-group.co.uk — unverified)' → empty; text kept in notes,,
a8acd932-95e8-4c13-bccc-4766030ee9fa,Cerys Furlong,GroupEd,email '(likely @grouped.org.uk — unverified)' → empty; text kept in notes,,
8fef1ccf-9aeb-4068-b725-30b366cd3720,Sarah Spence,Walkwood C of E Middle School,email '(likely @walkwoodms.worcs.sch.uk — unverified)' → empty; text kept in notes,,
25a603c7-710f-47a9-9306-d526ad38239b,Pauline D'Mello-Maplesden,Burnt Ash Primary School,email '(likely @burntash.bromley.sch.uk — unverified)' → empty; text kept in notes,,
44c1f7da-38f9-4319-97de-da6e4faaf610,Paul Inskip,Master Photographers Association,email '(likely @thempa.com — unverified)' → empty; text kept in notes,,
531e83cf-d40a-43c8-95f4-10ddfbba78cc,Lee Smith,Stumbler,email '(likely @stumbler.com — unverified)' → empty; text kept in notes,,
e71602a1-d29c-467e-873b-974609e3e844,Daryna Som,Old Press,no change,,
8e7a7069-d3b8-472f-9a8f-547d7d9f92c2,Stuart Boston,3 Legged Thing LTD,email '(likely @3leggedthing.com — unverified)' → empty; text kept in notes,,
dcf13b73-59e5-4ce3-8733-49e507de2dd9,Verity Adkin,Dupli,email '(likely @dupli.co.uk — unverified)' → empty; text kept in notes,,
f1d99c87-3728-445a-b8d9-2dece303d9ac,Midhun Madhusoodhan,Mindful Memories Photography and Films,email '(likely @mindfulmemories.in — unverified)' → empty; text kept in notes,,
7d9ebc23-2ac6-4133-9067-8501d6ede47e,Maurizio Cimelli,Mediaatmos,email '(likely @mediaatmos.com — unverified)' → empty; text kept in notes,,
d40a7921-8f12-49ab-b685-82278003a33c,Anna Hollaway,M+F Health,email '(likely @mandfhealth.co.uk — unverified)' → empty; text kept in notes,,
4fc61e20-3569-4a3d-b6b2-8f85bf6b203c,Joella Melville,67health,email '(likely @67health.co.uk — unverified)' → empty; text kept in notes,,
27ed3497-efc7-40e9-9a0b-fd0070ac9659,Rob Ettridge,Red Lorry Yellow Lorry,email '(likely @rlyl.com — unverified)' → empty; text kept in notes,,
134cb29d-208d-4dca-858d-df3912f30d60,Matthew Usher,GingerMay,email '(likely @gingermaypr.com — unverified)' → empty; text kept in notes,,
82c8800c-8c8d-4f22-bb4e-ce3f6ac14e9a,Dominic Tidey,EuRA - European Relocation Association,email '(likely @eura-relocation.com — unverified)' → empty; text kept in notes,,
d567744b-5aa3-4ac1-8600-ff1921c42b9a,Samantha Knapp,Greenbrook Communications,email '(likely @greenbrookpr.com — unverified)' → empty; text kept in notes,,
a1250838-275a-48f2-9e08-159549f777e9,Susie Geliher,St Brides Partners Ltd,email '(likely @stbridespartners.co.uk — unverified)' → empty; text kept in notes,,
d7d07548-15ff-487a-8d7f-bbe9c683162a,Dharini Patel,CommsRebel,email '(likely @commsrebel.com — unverified)' → empty; text kept in notes,,
9ef3f6bc-c814-4514-85c2-e4741c0743a8,Philipp Robl,Jukebox PR,email '(likely @jukeboxpr.co.uk — unverified)' → empty; text kept in notes,,
0dc19791-ee53-4d72-9a7e-53993af3c31e,Sophie Hadded,Gung Ho Communications,email '(likely @gunghoco.com — unverified)' → empty; text kept in notes,,
62a9c420-1496-4902-8bfc-6b6820606ff1,Sanita Fcca,Perform Green Limited,email '(likely @performgreen.co.uk — unverified)' → empty; text kept in notes,,
18e4a4f9-a35a-4a93-b5c6-6e90858db7dc,Steven Price,Counder,email '(likely @counder.com — unverified)' → empty; text kept in notes,,
6018fa92-d12d-420a-8d39-2074b6886d16,Sam Westlake,Sea Salt Learning,email '(likely @seasaltlearning.com — unverified)' → empty; text kept in notes,,
7520f850-0f75-471b-b1f2-f78471f6459d,Harry Worth,BAR Associates Ltd,email '(likely @barassociates.co.uk — unverified)' → empty; text kept in notes,,
95a47b4b-5e62-4f86-a503-fae01c77b42e,Mhairi Kennedy,DVCP,email '(likely @dvcp.co.uk — unverified)' → empty; text kept in notes,,
a8ff54bc-f274-4752-a3b5-45db99b38812,James Patterson,Emerson Human Capital Consulting,email '(likely @emersonhc.com — unverified)' → empty; text kept in notes,,
1dd06faf-798c-476d-9416-8d496481cf0f,Louise Greig,Simplify Consulting,email '(likely @simplifyconsulting.co.uk — unverified)' → empty; text kept in notes,,
b0d90611-ef57-4e48-8760-ea6cea19019f,Nicki Perrott,EBIT Intelligent Procurement,email '(likely @ebitip.com — unverified)' → empty; text kept in notes,,
308b96a2-333c-4d94-a7e1-614f7d829f6d,Sophie Zoeller,Ceannas,email '(likely @ceannas.com — unverified)' → empty; text kept in notes,,
fb7c406b-fe22-4b04-9c19-5acc741ce317,Ross Sharratt,Cru Hospitality,email '(likely @cruholdings.com — unverified)' → empty; text kept in notes,,
7337171b-bde3-40bc-8740-f09622c1b044,Tom O'Connor,Rey House,email '(likely @rey-house.com — unverified)' → empty; text kept in notes,,
f2351325-084e-4098-9a0a-7090bfed8965,Simon Ekelund,Sirplus,email '(likely @sirplus.co.uk — unverified)' → empty; text kept in notes,,
0ca70779-0938-40cf-b185-a479b390bf03,Zoe Donovan,Beyond Nine,email '(likely @beyondnine.co.uk — unverified)' → empty; text kept in notes,,
7bac1a3d-9412-49a1-84fc-f6248d01cc0a,Sascha Desmier,Ducie,email '(likely @ducie.co.uk — unverified)' → empty; text kept in notes,,
9bddd19b-29ca-4ff6-8abe-fe0b2966f1f6,Peter Gough,ROKA London,email '(likely @rokalondon.com — unverified)' → empty; text kept in notes,,
7c97c89c-2400-4005-8e59-86fbca602250,Leah Samy,Exelot,email '(likely @exelot.com — unverified)' → empty; text kept in notes,,
73e8e495-7772-4323-ae14-caad1d32d459,Matthew Day,Agile Global Logistics Group Ltd,email '(likely @agilegloballogistics.com — unverified)' → empty; text kept in notes,,
e1054f5d-49bf-4714-b063-f79a152c2020,Louise Chapman,AFS Group,email '(likely @afslogistics.co.uk — unverified)' → empty; text kept in notes,,
5cbbfd9d-284a-4018-bf01-ccb9d52bc636,Nick Daly,Gravity Supply Chain Solutions,email '(likely @gravitysupplychain.com — unverified)' → empty; text kept in notes,,
298e2608-fabb-4008-91f2-a0f752b855ee,Sam Fioc,Onit Logistics Group Ltd.,email '(likely @onitlogistics.com — unverified)' → empty; text kept in notes,,
7bd57fb7-b930-4ea5-8e00-976dd26210af,Lasse Jensen,Ashley Group,email '(likely @ashleygroup.uk — unverified)' → empty; text kept in notes,,
42673c96-b054-4950-87d2-60db368ab1ac,Amanda Boland,Barnes Logistics,email '(likely @barneslogistics.co.uk — unverified)' → empty; text kept in notes,,
915b30a5-e9bd-4c28-b4be-d03dba8c9ed9,Vaughan Ashcroft,Northamptonshire OPFCC,email '(likely @northantspfcc.org.uk — unverified)' → empty; text kept in notes,,
8a7be513-dc0f-42d0-b4b6-ddcbe02bae2e,Jon Guymer,The Kiyan Prince Foundation,email '(likely @thekpf.com — unverified)' → empty; text kept in notes,,
bff3e507-2175-4ad0-8da6-0d365020ef66,Sarah Smithurst,National Trailer and Towing Association,email '(likely @ntta.co.uk — unverified)' → empty; text kept in notes,,
9d2a28d3-5998-408a-9e45-aa06fc58047e,Emma Blackburn,Citizens Advice Tadley & District,email '(likely @catadley.org — unverified)' → empty; text kept in notes,,
8321d423-7ab1-45e4-aece-9759b1d69573,Mary Roberts,Beacon for Rare Diseases,email '(likely @rarebeacon.org — unverified)' → empty; text kept in notes,,
43ff1cc0-f176-43c5-b993-b580bec56171,Ashe Windham,Hurstbourne Private Office,email '(likely @castleofmey.org.uk — unverified)' → empty; text kept in notes,,
aae3a44a-0845-4901-a227-745f39745dd6,Saeed Abdelrahman,Ethar Relief,email '(likely @etharrelief.org — unverified)' → empty; text kept in notes,,
52b8a52d-41be-4407-90eb-d57ab612faf9,Elizabeth Stone,World Land Trust,email '(likely @worldlandtrust.org — unverified)' → empty; text kept in notes,,
866e9ca8-240c-4d79-8b28-4e3279f82a81,Laura Quiney,VetPD,email '(likely @vetpd.com — unverified)' → empty; text kept in notes,,
f079bc9c-7d11-41e0-99c7-ebbeae73df6d,Rachel Hewitt,MillionPlus,email '(likely @millionplus.ac.uk — unverified)' → empty; text kept in notes,,
5a2b5218-6bdb-40a9-8f8a-e1e950e20004,Joshua Wong,Itch Pet,email '(likely @itchpet.com — unverified)' → empty; text kept in notes,,
6d371410-48cc-463a-9c87-62fc7c3da7d0,Sarah Caney,Vet Professionals Ltd,email '(likely @vetprofessionals.com — unverified)' → empty; text kept in notes,,
65a1bceb-2311-4c01-a531-4c454fbfd6ee,Susan Goodfellow,XLVets,email '(likely @xlvets.co.uk — unverified)' → empty; text kept in notes,,
ae5aceb1-dd7d-4d03-aaac-ec6c9992dbe7,Peter Antonio,DogFender Ltd,email '(likely @dogfender.co.uk — unverified)' → empty; text kept in notes,,
32200471-dcb7-45c0-9b9c-3c4a72e7be65,Aaron Heath,Joseph James Furniture Outlet,email '(likely @josephjamesfurnitureoutlet.com — unverified)' → empty; text kept in notes,,
345221e8-d6e8-4227-8ec2-a57fc5fe4996,Richard Essery,Harrison Spinks,email '(likely @spinks.co.uk — unverified)' → empty; text kept in notes,,
3797eefd-fadc-4a3b-8f96-018ab7ae835d,Andy Brooks,Snaidero Projects UK,email '(likely @snaideroprojectsuk.com — unverified)' → empty; text kept in notes,,
e93930d2-077f-4ada-8b06-423410cf9851,Sophie Robins,FoundPop,email '(likely @foundpop.com — unverified)' → empty; text kept in notes,,
b5345358-1dc8-44f8-9dc4-a1be3402ab61,Tyler O'Sullivan,Focus Furnishing,email '(likely @focusfurnishing.co.uk — unverified)' → empty; text kept in notes,,
3bdde852-03ee-4b2d-bd8d-90ed282ac3c4,Paul Tanner,Echelon Workplaces,email '(likely @echelonworkplaces.com — unverified)' → empty; text kept in notes,,
c7e92fa1-399c-4da5-9dbf-e989e489a3a4,Mark Davies,BHID Group,email '(likely @bhid.co.uk — unverified)' → empty; text kept in notes,,
020fe1e4-526a-485a-a091-a9d41ab522ff,Adam Fox,NBC Group Ltd,email '(likely @nbcgroup.co.uk — unverified)' → empty; text kept in notes,,
5cac1b75-77f6-4f05-b495-91c9815cb59a,Sam Cabell,6ix Process Design Ltd (6PD),email '(likely @6ix-pd.com — unverified)' → empty; text kept in notes,,
fd3bfe4c-03fd-46ec-8b2e-7d24be2b4545,Michael Horan,Sherwood Stainless & Aluminium Ltd,email '(likely @sherwoodaluminium.com — unverified)' → empty; text kept in notes,,
1866c1c8-eb5e-4e7d-8b6f-6f00bc4e9b19,David Cox,MTI,email '(likely @mti.uk.com — unverified)' → empty; text kept in notes,,
bda6d363-d153-4052-9059-79896cef8448,Wayne Rose,British Pump Manufacturers Assoc. (BPMA),email '(likely @bpma.org.uk — unverified)' → empty; text kept in notes,,
7fba1609-4e65-4048-8803-83fe8c2aa0e3,James Murrey,Enviro Trees UK,email '(likely @envirotrees.uk — unverified)' → empty; text kept in notes,,
05701cc4-9dd6-4651-a868-56e9819ff962,Steve Adams,Energys Group,email '(likely @energysgroup.com — unverified)' → empty; text kept in notes,,
8435a582-7ea5-45f8-9cd1-3172012b4377,Marcus Neilson,Wentworth Clean Power,email '(likely @wentworthcleanpower.com — unverified)' → empty; text kept in notes,,
5489c294-3194-4b6a-8e35-a9743ed3d600,Achilleas Sesis,GO AQS,email '(likely @goaqs.org — unverified)' → empty; text kept in notes,,
72066875-afcd-4387-a2e0-3f95f221a3b4,Elizabeth Coggins,Forward Waste Management Ltd,email '(likely @forwardwaste.co.uk — unverified)' → empty; text kept in notes,,
f17b5029-1206-4339-99c8-763a93bb86b1,Alice Groux,UK100,email '(likely @uk100.org — unverified)' → empty; text kept in notes,,
8a8c0592-ad82-45d1-83fe-9c590a9436e4,Dan Maltby,The Future Forest Company,email '(likely @thefutureforestcompany.com — unverified)' → empty; text kept in notes,,
5e51ba4a-d6ac-4b59-b39a-cd83a0883e4c,Lorna Evans,Seaful,email '(likely @seaful.org.uk — unverified)' → empty; text kept in notes,,
abe264bb-b876-44c0-b6ca-55fe9887452f,Richard Goff,Advetec Group,email '(likely @advetec.com — unverified)' → empty; text kept in notes,,
11310f3e-f04f-4de1-8813-db3c99f09e92,Dave Taylor,IPM Facilities Limited,email '(likely @ipmfacilities.co.uk — unverified)' → empty; text kept in notes,,
f6889e86-3d73-401d-9f24-ff0f52e432e7,Tom Derry,NXT Level Sport & Education,email '(likely @nxtlevelsportsed.co.uk — unverified)' → empty; text kept in notes,,
47a2279f-b626-447f-9ce4-a761b7462c71,Steve Hallam,National Pest Technicians Association,email '(likely @npta.org.uk — unverified)' → empty; text kept in notes,,
24759fa6-e38c-49cb-adf1-1c42e09772e7,Lee Davies,Maid To Help Cleaning Specialists,email '(likely @maidtohelpcleaning.co.uk — unverified)' → empty; text kept in notes,,
bd0b017b-6c12-464b-8366-9dbe1bd6517b,James Garry,Opex Consultancy Limited,email '(likely @opex-consulting.co.uk — unverified)' → empty; text kept in notes,,
07002140-7d50-462d-97f3-3820b997349a,Michael Alldridge,Nationwide Hire Solutions,email '(likely @nationwidehiresolutions.com — unverified)' → empty; text kept in notes,,
19042319-38bb-454f-8ab6-afebed0866f6,Elad Levy,The Trampery,email '(likely @thetrampery.com — unverified)' → empty; text kept in notes,,
3c9f7d38-0ec6-4096-b3e9-cdea4340c2bd,Lewis Sanderson,Safety Inspections Group Ltd,email '(likely @safetyig.com — unverified)' → empty; text kept in notes,,
c6181c0f-fbf8-4688-b06c-94fd495893ad,Nikki Phillips,Arrow Lift Engineers Limited,email '(likely @arrowlifts.co.uk — unverified)' → empty; text kept in notes,,
f86ffb50-5707-46bb-a5e1-a989f52035b2,Josh Ainsley,Ainsley Signs Corporate Limited,email '(likely @signsmanchester.com — unverified)' → empty; text kept in notes,,
4c95e957-4bb3-468b-a60c-3a165ef9b591,Nicky Perkins,Clone,email '(likely @clone-media.co.uk — unverified)' → empty; text kept in notes,,
db6c6d1e-dda0-4539-bd74-c553d47e4ac1,Martin Pulley,Bank Security Printing,email '(likely @banksecurityprinting.com — unverified)' → empty; text kept in notes,,
19c24bd1-b903-442b-a1db-6247bebbf034,Harry Miller,Masterfold Limited,email '(likely @masterfold.com — unverified)' → empty; text kept in notes,,
a3087310-c16a-461c-82d0-77388279082c,Tom Brown,TPL Labels Ltd,email '(likely @tpl-labels.com — unverified)' → empty; text kept in notes,,
89c0d7af-ba2b-45fa-8ee9-c90a6071618b,Andy Mills,Northside Graphics Limited,email '(likely @northsidegraphics.com — unverified)' → empty; text kept in notes,,
f74d9672-8530-4766-8384-30a554b3adbb,Manpreet Atwal,Solid Mountains Trading LLC,email '(likely @solidmountains.com — unverified)' → empty; text kept in notes,,
c99846c4-cfde-4cf0-9084-9189266f5cc6,Rosario Rassvetaieff,Natures Composites,email '(likely @naturescomposites.com — unverified)' → empty; text kept in notes,,
d35c3c31-db63-4c14-9505-0d0e49e47b4d,Duncan K.,Southern Sheeting,email '(likely @southernsheeting.co.uk — unverified)' → empty; text kept in notes,,
6260ab59-0d99-4992-8f31-2960ca2b43ba,Matt McMahon,Sarsen Stone Group Limited,email '(likely @capietra.com — unverified)' → empty; text kept in notes,,
746b6764-87cc-4d99-86f3-fa0af31959a3,Ian Murphy,IBC Buying Group,email '(likely @ibcbuyinggroup.com — unverified)' → empty; text kept in notes,,
c1b59918-9fb2-4977-9fc6-981727d36196,Lynne Jhangeer,LINIAN,email '(likely @linianclip.co.uk — unverified)' → empty; text kept in notes,,
6e272707-3cc8-462f-96e8-532389957f70,Barry Dunn,Start Fitness UK,email '(likely @startfitness.co.uk — unverified)' → empty; text kept in notes,,
bec65e3a-9069-4692-844e-4970d10556c3,Sophie Harris,Excalibur Sports,email '(likely @excalibursports.co.uk — unverified)' → empty; text kept in notes,,
1262fac4-01cf-41e9-aedf-d3e5e6a5d8af,Maria Chan,Hiplok,email '(likely @hiplok.com — unverified)' → empty; text kept in notes,,
820d2840-cdb7-491e-86f9-58ff8ddfc656,Dan Busson,easyBike.com,email '(likely @easybike.com — unverified)' → empty; text kept in notes,,
ad4f36ac-0f24-42d2-a22a-89ca1f047713,Matthew Ellis,Run Company,email '(likely @theruncompany.co.uk — unverified)' → empty; text kept in notes,,
377b670a-7f0c-426e-bb41-0cff4deb52c8,Jo Byrne,Society of Master Saddlers,email '(likely @mastersaddlers.co.uk — unverified)' → empty; text kept in notes,,
f8cee4e8-d5ea-4d5c-92dc-6e6e95d07a52,Stephen Jolly,The Gun Trade Association,email '(likely @gtaltd.co.uk — unverified)' → empty; text kept in notes,,
450cf648-9cc1-4f9a-be05-8e7990f5dcff,Richard Woodhouse,ME+U,email '(likely @meplusu.co.uk — unverified)' → empty; text kept in notes,,
93046a6a-5bc5-40da-b546-d4afcfd7bdbe,Ian Douglas,Dots Music,email '(likely @dotsmusic.co.uk — unverified)' → empty; text kept in notes,,
6fb87cbe-0547-4d56-b207-0124a1680d04,Luke Greenwood,GuitarGiveouts,email '(likely @guitargiveouts.com — unverified)' → empty; text kept in notes,,
223d09c3-add8-4644-b524-8e2b099dafca,Joris Beets,Harp-E,email '(likely @harp-e.com — unverified)' → empty; text kept in notes,,
09774ab0-3255-41ee-92d6-c28a3399f36d,Vincent Eckerman,Geneva Brasswind Limited,email '(likely @genevainstruments.com — unverified)' → empty; text kept in notes,,
51237b8e-ad66-45b0-92bd-81c70d5da7ec,Errol Kennedy,Quantum Drum Tuner,email '(likely @quantumtuner.com — unverified)' → empty; text kept in notes,,
462de3a7-124b-4f63-82d4-50133f331127,Robert Wilson,Headline Audio,email '(likely @headlineaudio.com — unverified)' → empty; text kept in notes,,
af3489ef-48ef-4ed4-a958-e5db2f5fbda5,Thomas Taaffe,Broughton Pianos,email '(likely @broughtonpianos.co.uk — unverified)' → empty; text kept in notes,,
6d5461b7-e77f-4ebe-a99f-4f547ef84dc5,Charles Denny,Charlie & Johns,email '(likely @charlieandjohns.com — unverified)' → empty; text kept in notes,,
2c2f79d6-4a8f-4d64-acb9-f29221de8580,Charlie McClure,VCL Vintners Limited,email '(likely @vclvintners.london — unverified)' → empty; text kept in notes,,
9cd6b515-6e78-4738-bb96-c099211354ec,Susie MacArthur,Axia Spirit,email '(likely @axiaspirit.com — unverified)' → empty; text kept in notes,,
f4c48d00-c80e-44c8-915f-fd8bc793818d,Adam Mitchell,Sip Champagnes,email '(likely @sipchampagnes.com — unverified)' → empty; text kept in notes,,
54322b13-55e2-4c26-8b7c-351274472bd7,Andy Frsa,Good Pair Days,email '(likely @goodpairdays.com — unverified)' → empty; text kept in notes,,
b3217aa2-762b-4495-b8b9-1a7b0ccf4657,Candice Le Dugue,SOWINE,email '(likely @sowine.com — unverified)' → empty; text kept in notes,,
7c2a2f27-aa5d-4e78-87c7-5ca1bbc212a1,Philippa Wright,Goedhuis Waddesdon,email '(likely @goedhuiswaddesdon.com — unverified)' → empty; text kept in notes,,
0427649a-3f7c-4442-9432-e1237bd7fa58,Mark Eames,Compass Box,email '(likely @compassboxwhisky.com — unverified)' → empty; text kept in notes,,
5c2d972f-cf07-49e4-99e4-2f533184889e,Leigh Green,Top Selection Ltd,email '(likely @topselection.co.uk — unverified)' → empty; text kept in notes,,
45e866ae-3efb-4ec2-b543-a8ba8009f672,Julie McIps,Winetraders UK Ltd,email '(likely @winetradersuk.com — unverified)' → empty; text kept in notes,,
441815f3-438d-4b07-a11f-14996352f9b3,Robin McMillan,Exton Park,email '(likely @extonparkvineyard.com — unverified)' → empty; text kept in notes,,
6e2eb1ce-47b2-4dde-9446-2e4308ef25ba,Mildred Parker,Kazuri London Crocodile Farm,email '(likely @kazurilondoncrocodilefarm.co.uk — unverified)' → empty; text kept in notes,,
8047df25-c54d-4a17-9c90-b40faa87cb46,Marcus Lansbury,Buckinghamshire Dog Walkers,email '(likely @buckinghamshiredogwalkers.co.uk — unverified)' → empty; text kept in notes,,
a9d4ad97-0f65-4626-9e1d-bf7060f40196,Paula Shelley,Gracies Stores,email '(likely @graciesstores.com — unverified)' → empty; text kept in notes,,
279af06f-1722-42a5-a395-a22eaf2b0b3f,Charlie Johns,Homes For Happy Dogs,email '(likely @homesforhappydogs.org — unverified)' → empty; text kept in notes,,
8fbc411b-9057-4d08-8ace-57cb5599f37c,Fiona Kwan,The Diversity Standards Collective,email '(likely @thedsc.org.uk — unverified)' → empty; text kept in notes,,
be11a0c5-8d5e-4b7c-b4a8-7dcca5dfde3b,Darlene Sammut,Matoha Instrumentation Ltd.,email '(likely @matoha.com — unverified)' → empty; text kept in notes,,
d96d093a-97b9-438f-b004-ad6d36ed46dd,Colin Graham,Sepsis Research,email '(likely @sepsisresearch.org.uk — unverified)' → empty; text kept in notes,,
41f95ed4-e544-460d-a390-76291362f915,Siegi Arndt,eftec,email '(likely @eftec.co.uk — unverified)' → empty; text kept in notes,,
106ddb1a-da0f-4f9b-a979-d6e866067826,Natalie Haskins,CARD Group Ltd,email '(likely @card-group.com — unverified)' → empty; text kept in notes,,
8a88db87-1b2f-4e0b-8ce3-b9895e3bac6e,Rebecca Dias,P1Vital Products Limited,email '(likely @p1vitalproducts.com — unverified)' → empty; text kept in notes,,
71c6d090-1db0-4bf7-8815-9750cd52d9e1,Ann Roberts,"Institute for Food, Brain and Behaviour",email '(likely @thinkthroughnutrition.org — unverified)' → empty; text kept in notes,,
b4e59b00-94de-4cb5-8247-d97bc0d51adf,Amy Mole,Them Design Ltd,email '(likely @them.co.uk — unverified)' → empty; text kept in notes,,
a8d7d6f0-951e-4cbc-8669-573f7d5e7fc0,Conor Shields,Community Arts Partnership,email '(likely @comartspartner.org — unverified)' → empty; text kept in notes,,
2774f3d9-6bfe-41fc-9076-76c1905e14c2,Andrew Wood,G H Furniture UK Ltd,email '(likely @ghgroupuk.com — unverified)' → empty; text kept in notes,,
4a721294-75d3-4b46-8904-8acf7a33db76,Paul O'Brien,D&P Signage,email '(likely @dpsigns.co.uk — unverified)' → empty; text kept in notes,,
4a7ec605-dc93-4b22-b9b5-73ec25e40ad1,Denise McGeachy,Bracken Workspace Plus,email '(likely @brackenwsp.co.uk — unverified)' → empty; text kept in notes,,
12c1c375-a535-4201-81fe-a050b5a28228,Neil Forkin,Solutus Advisors Limited,email '(likely @solutus.co.uk — unverified)' → empty; text kept in notes,,
6428d714-5010-4adf-b28e-b4499068ff7c,Mark Ford,State Street Properties,email '(likely @statestreetproperties.com — unverified)' → empty; text kept in notes,,
a6b6f8f6-29e2-401b-bfaa-9e0c2f1389e6,Steve Benson,Hortons' Estate Limited,email '(likely @hortons.co.uk — unverified)' → empty; text kept in notes,,
be943925-0926-42d3-85aa-97cd2af22ee0,David Steel,The Dawnay Estates Ltd,email '(likely @dawnay.co.uk — unverified)' → empty; text kept in notes,,
99fbacc1-ba67-4983-8266-8c0992271d2b,Adrian Goose,Charterpoint Group Ltd,email '(likely @charterpointgroup.co.uk — unverified)' → empty; text kept in notes,,
acbb07d3-e6fc-4a20-a5f9-4278ad6b7b80,Tony de Luca,AJ Renewables,email '(likely @aj-renewables.co.uk — unverified)' → empty; text kept in notes,,
fb75df71-2948-4261-8c33-4415dc4f5f3e,Guy Fairweather,Greenscape Energy Ltd,email '(likely @greenscapeenergy.co.uk — unverified)' → empty; text kept in notes,,
8fcf5fb2-579b-4d62-9f23-14264f8e8c9c,Darryl Hucklesby,Solar Plan Corporation,email '(likely @solarplan.earth — unverified)' → empty; text kept in notes,,
863d964d-ce1b-4d23-a89f-fe1bc8825e18,Simon Mutzenich,Global OTEC,email '(likely @globalotec.co — unverified)' → empty; text kept in notes,,
fc1f230e-10f3-48c6-a1e0-ccf5f9ea38e1,Bupe Lumbeta,Zubalight Energy,email '(likely @zubalight.energy — unverified)' → empty; text kept in notes,,
1ef47d20-8e18-41e4-b6fa-4041f3c37d15,Stuart Laing,EECO Energy,email '(likely @eeco.energy — unverified)' → empty; text kept in notes,,
62901903-6006-420c-a08d-7d3481e51445,Alex Colledge,Hychor,email '(likely @hychor.com — unverified)' → empty; text kept in notes,,
c73479b1-368f-44e8-bbba-474cfd858e6c,Brenton Spear,Seed Renewables,email '(likely @seedrenewables.com — unverified)' → empty; text kept in notes,,
245fad02-4889-4caf-a1a9-cac7004dafe8,Jiyoon Lee,SUUM Project,email '(likely @suumproject.com — unverified)' → empty; text kept in notes,,
411ea6b9-3f21-4e4a-ab48-b6e8629d6501,Steve Wilkinson,Newbiggin Arts Centre,email '(likely @newbigginartscentre.org — unverified)' → empty; text kept in notes,,
6865966a-4e4b-45b7-bafe-126cb59d6fcf,Yash Patel,Creative Art Campus Ltd,email '(likely @creativeartcampus.co.uk — unverified)' → empty; text kept in notes,,
d55cd3b2-746e-42db-ba84-475ed4c020a8,Dubravka Radic,art CLASS London,email '(likely @art-class-london.co.uk — unverified)' → empty; text kept in notes,,
72895187-1184-408a-a1bb-08cbf0ba5dc9,Sarah Godsell,Sarum Studio,email '(likely @sarumstudio.com — unverified)' → empty; text kept in notes,,
619242ef-62d4-43fb-b87e-e16d54a8d4dd,Tom Bell,SignWow,email '(likely @signwow.co.uk — unverified)' → empty; text kept in notes,,
064fc758-f1d0-4244-85ae-762913ac1878,Eltijani Elias,Grampian Translation Services Ltd,email '(likely @grampian-translation.co.uk — unverified)' → empty; text kept in notes,,
efabd7d4-3ff4-4fc2-8358-170ff816f427,Monica Translator,Traduceri Autorizate Monica Tabarac,email '(likely @traduceri.co.uk — unverified)' → empty; text kept in notes,,
30b6d96b-a34a-4ff4-8722-9aadc86640af,Christine Weightman,ETLS International,email '(likely @etlsint.com — unverified)' → empty; text kept in notes,,
a563a37d-4c0f-42ed-91d6-dedd2fbb2ef6,Andrew Ashton,Prima Lingua (UK) Limited,email '(likely @primalingua.com — unverified)' → empty; text kept in notes,,
7ff26913-8a43-427e-90bb-d31e98ea87bb,Tayler Hughes,MindWrite,email '(likely @psychwrite.co.uk — unverified)' → empty; text kept in notes,,
7499b9a9-9d06-48de-93bf-d0accdf02bc3,Lisa Sheppard,Wordbrew,email '(likely @wordbrew.com — unverified)' → empty; text kept in notes,,
cd19d83f-57e2-4a6c-9699-7cf7aa321080,Heather Campbell,Education Marketer,email '(likely @educationmarketer.co.uk — unverified)' → empty; text kept in notes,,
6e2a651d-dd57-4743-b314-38b46404c738,Richard Phillips,WeType.UK,email '(likely @wetype.uk — unverified)' → empty; text kept in notes,,
3ed34ceb-d998-4123-b8d3-e229209cf2c7,Simon Dodd,Jericho Writers,email '(likely @jerichowriters.com — unverified)' → empty; text kept in notes,,
b364b035-ad5f-469c-affd-8f7f61e529ba,Mark Owens,Thread,email '(likely @threadcreative.com — unverified)' → empty; text kept in notes,,
8c800976-f918-4637-97ce-b4461c21baa8,Jackie Cropper,Edinburgh Old Town Development Trust,email '(likely @eotdt.org — unverified)' → empty; text kept in notes,,
